{"cameraMode":{"drawMode":0,"name":"Shaded","section":"Shading Mode"},"sceneLighting":true,"audioPlay":false,"sceneViewState":{"showFog":true,"showMaterialUpdate":false,"showSkybox":true,"showFlares":true,"showImageEffects":true,"showParticleSystems":true},"in2DMode":false,"pivot":{"x":-8.143335342407227,"y":-7.315558433532715,"z":8.194628715515137},"rotation":{"x":0.2676823139190674,"y":-0.6317248940467835,"z":0.24713262915611268,"w":0.6842594146728516},"size":7.6920342445373539,"orthographic":false}