{"cameraMode":{"drawMode":0,"name":"Shaded","section":"Shading Mode"},"sceneLighting":true,"audioPlay":false,"sceneViewState":{"showFog":true,"showMaterialUpdate":false,"showSkybox":true,"showFlares":true,"showImageEffects":true,"showParticleSystems":true},"in2DMode":false,"pivot":{"x":-6.616662502288818,"y":-10.502994537353516,"z":9.352801322937012},"rotation":{"x":0.41131141781806948,"y":-0.4389095604419708,"z":0.23659780621528626,"w":0.7630318999290466},"size":8.434017181396485,"orthographic":false}