{"cameraMode":{"drawMode":0,"name":"Shaded","section":"Shading Mode"},"sceneLighting":true,"audioPlay":false,"sceneViewState":{"showFog":true,"showMaterialUpdate":false,"showSkybox":true,"showFlares":true,"showImageEffects":true,"showParticleSystems":true},"in2DMode":false,"pivot":{"x":1.6169137954711915,"y":5.6225266456604,"z":-5.401228904724121},"rotation":{"x":-0.0815388634800911,"y":0.9034668207168579,"z":-0.1985348016023636,"w":-0.3710567057132721},"size":4.807394981384277,"orthographic":false}